Date,Open,High,Low,Close,Adj Close,Volume,Stock Name,sentiment_score,Negative,Neutral,Positive
2021-09-30,260.3333435058594,263.0433349609375,258.3333435058594,258.49334716796875,258.49334716796875,53868000,TSLA,0.2529688888888889,0.06374444444444445,0.8082666666666668,0.12795555555555552
2021-10-01,259.4666748046875,260.260009765625,254.52999877929688,258.4066772460937,258.4066772460937,51094200,TSLA,0.22241170212765965,0.03824468085106382,0.8641276595744679,0.09762765957446808
2021-10-04,265.5,268.989990234375,258.7066650390625,260.510009765625,260.510009765625,91449900,TSLA,0.15114453781512605,0.042462184873949586,0.8641848739495799,0.09333613445378154
2021-10-05,261.6000061035156,265.7699890136719,258.0666809082031,260.1966552734375,260.1966552734375,55297800,TSLA,0.09669204545454538,0.059715909090909076,0.8522727272727267,0.08798863636363637
2021-10-06,258.7333374023437,262.2200012207031,257.739990234375,260.9166564941406,260.9166564941406,43898400,TSLA,0.22984615384615387,0.038153846153846156,0.8325512820512821,0.1293076923076923
2021-10-07,261.82000732421875,268.3333435058594,261.1266784667969,264.53668212890625,264.53668212890625,57587400,TSLA,0.18862262773722627,0.029379562043795618,0.8656788321167882,0.10492700729927008
2021-10-08,265.4033203125,265.4599914550781,260.3033447265625,261.8299865722656,261.8299865722656,50215800,TSLA,0.2047944444444444,0.05717777777777778,0.8278444444444443,0.11497777777777775
2021-10-11,262.54998779296875,267.0799865722656,261.8333435058594,263.9800109863281,263.9800109863281,42600900,TSLA,0.24180526315789477,0.03585263157894737,0.851357894736842,0.11278947368421048
2021-10-12,266.9766540527344,270.7733459472656,265.5233459472656,268.5733337402344,268.5733337402344,66060000,TSLA,0.2136469565217391,0.04541739130434784,0.833226086956522,0.1213913043478261
2021-10-13,270.1566772460937,271.8033447265625,268.59332275390625,270.3599853515625,270.3599853515625,42360300,TSLA,0.1660459770114942,0.04990804597701149,0.8442873563218388,0.10580459770114943
2021-10-14,271.8299865722656,273.4166564941406,271.1166687011719,272.7733459472656,272.7733459472656,36741600,TSLA,0.16947663551401868,0.03665420560747664,0.8750373831775702,0.08832710280373832
2021-10-15,274.5799865722656,281.07000732421875,274.1166687011719,281.010009765625,281.010009765625,56773800,TSLA,0.10109084507042256,0.07633802816901408,0.8254577464788732,0.09820422535211266
2021-10-18,283.92999267578125,291.7533264160156,283.8233337402344,290.03668212890625,290.03668212890625,72621600,TSLA,0.23849256756756754,0.035283783783783794,0.8586148648648649,0.10612837837837831
2021-10-19,292.510009765625,292.6499938964844,287.5033264160156,288.0899963378906,288.0899963378906,52143300,TSLA,0.17517589285714288,0.056714285714285724,0.8378214285714287,0.10545535714285713
2021-10-20,288.45001220703125,289.8299865722656,285.7933349609375,288.6000061035156,288.6000061035156,42096300,TSLA,0.11344655172413791,0.06863218390804594,0.8249885057471268,0.10640804597701148
2021-10-21,285.3333435058594,300.0,285.1666564941406,298.0,298.0,94444500,TSLA,0.1913472222222222,0.040777777777777774,0.8569999999999997,0.10222777777777778
2021-10-22,298.5,303.3333435058594,296.9866638183594,303.2266540527344,303.2266540527344,68642400,TSLA,0.23788023952095796,0.04162874251497006,0.8231017964071856,0.1352874251497006
2021-10-25,316.84332275390625,348.3399963378906,314.7333374023437,341.6199951171875,341.6199951171875,188556300,TSLA,0.22885714285714273,0.039471861471861505,0.847556277056277,0.11296753246753251
2021-10-26,341.5633239746094,364.9800109863281,333.8133239746094,339.4766540527344,339.4766540527344,187245000,TSLA,0.19390294117647056,0.03985714285714287,0.8576008403361345,0.10253781512605037
2021-10-27,346.5533447265625,356.9599914550781,343.59332275390625,345.9533386230469,345.9533386230469,115579500,TSLA,0.14624463276836164,0.037819209039548024,0.8813163841807907,0.08087005649717514
2021-10-28,356.10333251953125,360.3333435058594,351.3999938964844,359.0133361816406,359.0133361816406,81639600,TSLA,0.20738320000000002,0.038135999999999996,0.8629119999999999,0.09888000000000001
2021-10-29,360.6199951171875,371.7366638183594,357.7366638183594,371.3333435058594,371.3333435058594,89755200,TSLA,0.15818571428571432,0.050809523809523825,0.8531957671957672,0.095989417989418
2021-11-01,381.6666564941406,403.25,372.88665771484375,402.86334228515625,402.86334228515625,168146100,TSLA,0.2256134099616858,0.043183908045977014,0.841241379310345,0.11558620689655176
2021-11-02,386.4533386230469,402.86334228515625,382.0,390.6666564941406,390.6666564941406,128213400,TSLA,0.1842639024390244,0.046795121951219515,0.8602829268292684,0.09291219512195122
2021-11-03,392.4433288574219,405.1300048828125,384.2066650390625,404.6199951171875,404.6199951171875,103885500,TSLA,0.1728923076923077,0.038976923076923076,0.8536615384615386,0.10735384615384615
2021-11-04,411.4700012207031,414.4966735839844,405.6666564941406,409.9700012207031,409.9700012207031,76192200,TSLA,0.23185838926174493,0.03577852348993289,0.8564697986577176,0.10772483221476506
2021-11-05,409.3333435058594,413.2900085449219,402.6666564941406,407.36334228515625,407.36334228515625,64886400,TSLA,0.23854943820224705,0.03476404494382023,0.856808988764045,0.10843820224719103
2021-11-08,383.2633361816406,399.0,377.6666564941406,387.6466674804688,387.6466674804688,100337100,TSLA,0.16482258064516128,0.052889400921658995,0.8498940092165896,0.09723041474654376
2021-11-09,391.2000122070313,391.5,337.17333984375,341.1666564941406,341.1666564941406,177317400,TSLA,0.16811791044776123,0.05172139303482588,0.8458855721393034,0.10238805970149256
2021-11-10,336.8033447265625,359.3666687011719,329.10333251953125,355.9833374023437,355.9833374023437,128408100,TSLA,0.18299788359788358,0.04704232804232806,0.8561216931216934,0.09680423280423282
2021-11-11,367.5899963378906,368.3233337402344,351.5599975585937,354.5033264160156,354.5033264160156,67189800,TSLA,0.2549152317880793,0.04035099337748344,0.8393311258278147,0.12030463576158941
2021-11-12,349.1666564941406,351.5,339.7333374023437,344.47332763671875,344.47332763671875,76719300,TSLA,0.2584325581395348,0.039914728682170546,0.8383488372093022,0.12174418604651166
2021-11-15,339.2099914550781,343.99334716796875,326.20001220703125,337.7966613769531,337.7966613769531,104326800,TSLA,0.16467152317880804,0.043980132450331125,0.8671523178807947,0.08887417218543048
2021-11-16,334.4366760253906,352.3999938964844,334.0599975585937,351.57666015625,351.57666015625,79627200,TSLA,0.20982248062015502,0.04534108527131784,0.8538759689922477,0.10079844961240311
2021-11-17,354.5033264160156,373.21331787109375,351.8333435058594,363.0033264160156,363.0033264160156,94336200,TSLA,0.20722035398230085,0.04006194690265486,0.865300884955752,0.09464601769911503
2021-11-18,368.8500061035156,370.6666564941406,358.3399963378906,365.4599914550781,365.4599914550781,62696700,TSLA,0.18679453124999998,0.055906249999999984,0.8502890625000001,0.09379687499999999
2021-11-19,366.2900085449219,379.5733337402344,364.23333740234375,379.0199890136719,379.0199890136719,64926900,TSLA,0.18514227642276426,0.04666666666666666,0.837260162601626,0.11608943089430895
2021-11-22,387.4433288574219,400.6499938964844,377.4766540527344,385.6233215332031,385.6233215332031,99217500,TSLA,0.2214556451612903,0.037282258064516134,0.8573548387096774,0.10534677419354839
2021-11-23,389.1700134277344,393.5,354.2333374023437,369.6766662597656,369.6766662597656,108515100,TSLA,0.20495793650793648,0.042444444444444444,0.8442539682539685,0.11332539682539682
2021-11-24,360.1300048828125,377.5899963378906,354.0,372.0,372.0,67680600,TSLA,0.2850295918367347,0.043387755102040806,0.8321734693877548,0.12442857142857142
2021-11-26,366.489990234375,369.5933227539063,360.3333435058594,360.6400146484375,360.6400146484375,35042700,TSLA,0.11594482758620693,0.05660919540229885,0.8565287356321839,0.0868735632183908
2021-11-29,366.9966735839844,380.8900146484375,366.7300109863281,378.9966735839844,378.9966735839844,58393500,TSLA,0.18998762886597936,0.040051546391752575,0.8600309278350514,0.0998969072164948
2021-11-30,381.4566650390625,389.3333435058594,372.6666564941406,381.586669921875,381.586669921875,81276000,TSLA,0.15198979591836737,0.0548265306122449,0.8390306122448982,0.10616326530612247
2021-12-01,386.8999938964844,390.9466552734375,363.586669921875,365.0,365.0,68450400,TSLA,0.1873478260869565,0.04982608695652172,0.8464521739130432,0.10374782608695653
2021-12-02,366.3533325195313,371.0,352.2166748046875,361.5333251953125,361.5333251953125,73114800,TSLA,0.12158189655172418,0.042931034482758625,0.8839051724137932,0.07318103448275863
2021-12-03,361.5966796875,363.5266723632813,333.4033203125,338.3233337402344,338.3233337402344,92322000,TSLA,0.19685982905982907,0.04570085470085471,0.8529572649572648,0.1013418803418803
2021-12-06,333.836669921875,340.5466613769531,316.8333435058594,336.336669921875,336.336669921875,81663000,TSLA,0.2285850931677018,0.04333540372670806,0.8409254658385094,0.115751552795031
2021-12-07,348.0666809082031,352.5566711425781,342.2699890136719,350.5833435058594,350.5833435058594,56084700,TSLA,0.17576810344827598,0.04683620689655173,0.8483620689655174,0.10482758620689657
2021-12-08,350.9033203125,357.4599914550781,344.3333435058594,356.32000732421875,356.32000732421875,41906400,TSLA,0.2819009803921569,0.031803921568627457,0.8591568627450981,0.1090392156862745
2021-12-09,353.5466613769531,354.163330078125,334.1199951171875,334.6000061035156,334.6000061035156,59438400,TSLA,0.11266168224299067,0.0558785046728972,0.8628785046728968,0.08124299065420562
2021-12-10,336.25,340.32666015625,327.510009765625,339.010009765625,339.010009765625,59664300,TSLA,0.23608990825688075,0.047440366972477076,0.851449541284404,0.10107339449541283
2021-12-13,333.6966552734375,335.0,317.1400146484375,322.1366577148437,322.1366577148437,78595500,TSLA,0.18649545454545455,0.049924242424242427,0.8359469696969696,0.11417424242424246
2021-12-14,315.0,322.1366577148437,310.0,319.5033264160156,319.5033264160156,70806300,TSLA,0.13208947368421053,0.04811278195488722,0.8554511278195485,0.09642105263157899
2021-12-15,317.7366638183594,326.25,309.4166564941406,325.3299865722656,325.3299865722656,75169200,TSLA,0.22540784313725498,0.048215686274509804,0.8350294117647055,0.11671568627450982
2021-12-16,331.5,331.6600036621094,307.2833251953125,308.97332763671875,308.97332763671875,82771500,TSLA,0.2409140350877193,0.05348245614035087,0.8381666666666667,0.1083245614035088
2021-12-17,304.92333984375,320.2200012207031,303.0133361816406,310.8566589355469,310.8566589355469,100437300,TSLA,0.18930530973451332,0.0492654867256637,0.8487256637168145,0.10197345132743357
2021-12-20,303.5666809082031,307.2300109863281,297.7966613769531,299.9800109863281,299.9800109863281,56480100,TSLA,0.14547549019607836,0.05791176470588234,0.8252549019607844,0.11680392156862744
2021-12-21,305.6233215332031,313.1666564941406,295.3733215332031,312.84332275390625,312.84332275390625,71517900,TSLA,0.14964705882352936,0.04789215686274508,0.8581372549019609,0.09398039215686277
2021-12-22,321.8866577148437,338.5533447265625,319.01666259765625,336.2900085449219,336.2900085449219,93634200,TSLA,0.2260383233532935,0.04005389221556887,0.8468443113772455,0.11309580838323356
2021-12-23,335.6000061035156,357.6600036621094,332.5199890136719,355.6666564941406,355.6666564941406,92713200,TSLA,0.22458831168831167,0.03621428571428573,0.8439025974025969,0.1198571428571429
2021-12-27,357.8900146484375,372.3333435058594,356.9066772460937,364.6466674804688,364.6466674804688,71145900,TSLA,0.1626775862068966,0.04920689655172412,0.8387672413793104,0.11204310344827588
2021-12-28,369.8299865722656,373.0,359.47332763671875,362.8233337402344,362.8233337402344,60324000,TSLA,0.22942761904761902,0.03933333333333333,0.8519333333333333,0.10874285714285717
2021-12-29,366.21331787109375,368.0,354.7133178710937,362.0633239746094,362.0633239746094,56154000,TSLA,0.15578383233532936,0.03984431137724551,0.8626586826347304,0.09748502994011979
2021-12-30,353.77667236328125,365.1833190917969,351.04998779296875,356.7799987792969,356.7799987792969,47040900,TSLA,0.11672439024390248,0.05307317073170733,0.8606910569105691,0.08625203252032525
2021-12-31,357.8133239746094,360.6666564941406,351.5299987792969,352.260009765625,352.260009765625,40733700,TSLA,0.19322265624999996,0.0401171875,0.8547499999999998,0.1051171875
2022-01-03,382.5833435058594,400.3566589355469,378.6799926757813,399.9266662597656,399.9266662597656,103931400,TSLA,0.16438501628664476,0.04341042345276873,0.8529543973941365,0.10365472312703589
2022-01-04,396.51666259765625,402.6666564941406,374.3500061035156,383.1966552734375,383.1966552734375,100248300,TSLA,0.09410928571428573,0.04828571428571427,0.8665714285714284,0.08514285714285715
2022-01-05,382.2166748046875,390.11334228515625,360.336669921875,362.7066650390625,362.7066650390625,80119800,TSLA,0.16069480519480522,0.05386363636363638,0.8423571428571431,0.1037922077922078
2022-01-06,359.0,362.6666564941406,340.1666564941406,354.8999938964844,354.8999938964844,90336600,TSLA,0.14448632478632475,0.04582051282051282,0.8673076923076923,0.08686324786324785
2022-01-07,360.1233215332031,360.30999755859375,336.6666564941406,342.32000732421875,342.32000732421875,84164700,TSLA,0.10418074074074075,0.053022222222222214,0.8518370370370371,0.09513333333333333
2022-01-10,333.3333435058594,353.0333251953125,326.6666564941406,352.7066650390625,352.7066650390625,91815000,TSLA,0.19171066666666664,0.04275999999999999,0.8589266666666668,0.09833333333333329
2022-01-11,351.22332763671875,358.6166687011719,346.2733459472656,354.79998779296875,354.79998779296875,66063300,TSLA,0.20120000000000002,0.035752293577981646,0.8826697247706422,0.08157798165137616
2022-01-12,359.6166687011719,371.61334228515625,357.5299987792969,368.739990234375,368.739990234375,83739000,TSLA,0.1854503401360544,0.04685034013605443,0.8507823129251704,0.10236054421768706
2022-01-13,369.6900024414063,371.8666687011719,342.17999267578125,343.85333251953125,343.85333251953125,97209900,TSLA,0.11483910256410258,0.05348076923076923,0.8651794871794874,0.08134615384615386
2022-01-14,339.9599914550781,350.6666564941406,337.7933349609375,349.8699951171875,349.8699951171875,72924300,TSLA,0.23532024539877305,0.05262576687116564,0.8167361963190183,0.13060122699386498
2022-01-18,342.2033386230469,356.92999267578125,338.6866760253906,343.5033264160156,343.5033264160156,66743400,TSLA,0.16060707070707067,0.057141414141414125,0.8490303030303028,0.0938080808080808
2022-01-19,347.2366638183594,351.5566711425781,331.6666564941406,331.8833312988281,331.8833312988281,75442500,TSLA,0.12295148514851484,0.05631683168316833,0.8471782178217825,0.09649504950495051
2022-01-20,336.57666015625,347.2200012207031,331.3333435058594,332.0899963378906,332.0899963378906,70488600,TSLA,0.2065144230769231,0.05868269230769231,0.8164326923076922,0.12488461538461539
2022-01-21,332.11334228515625,334.8500061035156,313.5,314.6333312988281,314.6333312988281,103416000,TSLA,0.09391823899371074,0.07428301886792452,0.8215849056603773,0.10411320754716981
2022-01-24,301.586669921875,311.1700134277344,283.8233337402344,310.0,310.0,151565700,TSLA,0.10308780487804879,0.05860365853658537,0.8542012195121953,0.08719512195121952
2022-01-25,304.7333374023437,317.086669921875,301.07000732421875,306.1333312988281,306.1333312988281,86595900,TSLA,0.14741019108280254,0.04980254777070065,0.8450318471337581,0.10516560509554138
2022-01-26,317.4766540527344,329.2300109863281,302.0,312.4700012207031,312.4700012207031,104867400,TSLA,0.1808229299363057,0.04761464968152866,0.8450318471337581,0.10735987261146496
2022-01-27,311.1199951171875,311.7966613769531,276.3333435058594,276.3666687011719,276.3666687011719,147109500,TSLA,0.11576996197718634,0.05780988593155895,0.8483992395437258,0.09380988593155888
2022-01-28,277.1866760253906,285.8333435058594,264.0033264160156,282.1166687011719,282.1166687011719,134789100,TSLA,0.17438288770053476,0.044005347593582884,0.8492085561497321,0.10679144385026737
2022-01-31,290.9033203125,312.663330078125,287.3500061035156,312.239990234375,312.239990234375,104436000,TSLA,0.18056870229007632,0.04130534351145038,0.8590610687022902,0.09961068702290077
2022-02-01,311.7366638183594,314.5666809082031,301.6666564941406,310.4166564941406,310.4166564941406,73138200,TSLA,0.16290964912280698,0.05800877192982457,0.8327631578947371,0.10921052631578945
2022-02-02,309.3933410644531,310.5,296.4700012207031,301.8866577148437,301.8866577148437,66792900,TSLA,0.1430885416666666,0.05140625000000001,0.850447916666667,0.09812499999999995
2022-02-03,294.0,312.3333435058594,293.50665283203125,297.0466613769531,297.0466613769531,78855600,TSLA,0.133303,0.049850000000000005,0.8604,0.08973
2022-02-04,299.0733337402344,312.1666564941406,293.72332763671875,307.7733459472656,307.7733459472656,73625400,TSLA,0.22865185185185177,0.053320987654321,0.821320987654321,0.12537037037037035
2022-02-07,307.92999267578125,315.92333984375,300.9033203125,302.4466552734375,302.4466552734375,60994500,TSLA,0.1543867469879518,0.042734939759036146,0.870879518072289,0.08639759036144579
2022-02-08,301.84332275390625,308.7633361816406,298.26666259765625,307.3333435058594,307.3333435058594,50729100,TSLA,0.21550818181818185,0.042345454545454554,0.8331818181818186,0.12445454545454548
2022-02-09,311.6666564941406,315.42333984375,306.6666564941406,310.6666564941406,310.6666564941406,52259400,TSLA,0.18387126436781612,0.04872413793103448,0.8500574712643681,0.10122988505747124
2022-02-10,302.7900085449219,314.60333251953125,298.8999938964844,301.51666259765625,301.51666259765625,66126900,TSLA,0.1361647058823529,0.05810294117647058,0.8503382352941177,0.09147058823529412
2022-02-11,303.2099914550781,305.32000732421875,283.5666809082031,286.6666564941406,286.6666564941406,79645800,TSLA,0.09510202020202023,0.07269696969696968,0.8297676767676765,0.09757575757575758
2022-02-14,287.19000244140625,299.6266784667969,284.3833312988281,291.9200134277344,291.9200134277344,67756500,TSLA,0.23749649122807015,0.045035087719298254,0.833017543859649,0.12191228070175442
2022-02-15,300.0,307.6666564941406,297.7933349609375,307.4766540527344,307.4766540527344,57286200,TSLA,0.3219920454545454,0.04467045454545455,0.828784090909091,0.12649999999999997
2022-02-16,304.6833190917969,308.8099975585937,300.4033203125,307.7966613769531,307.7966613769531,51294300,TSLA,0.160448,0.05029333333333333,0.8418666666666667,0.10781333333333332
2022-02-17,304.4200134277344,306.1666564941406,291.3666687011719,292.1166687011719,292.1166687011719,55178400,TSLA,0.12492058823529407,0.06529411764705882,0.8272156862745096,0.10744117647058823
2022-02-18,295.3333435058594,295.6233215332031,279.2033386230469,285.6600036621094,285.6600036621094,68501700,TSLA,0.16999764705882356,0.057070588235294095,0.8290941176470591,0.11378823529411763
2022-02-22,278.0433349609375,285.57666015625,267.0333251953125,273.84332275390625,273.84332275390625,83288100,TSLA,0.16806796116504852,0.04899029126213591,0.8371165048543691,0.1138640776699029
2022-02-23,276.8099975585937,278.4333190917969,253.5200042724609,254.67999267578125,254.67999267578125,95256900,TSLA,0.11837012987012985,0.06398701298701297,0.8434805194805199,0.092551948051948
2022-02-24,233.4633331298828,267.49334716796875,233.3333282470703,266.92333984375,266.92333984375,135322200,TSLA,0.02512735849056602,0.08049056603773583,0.8329056603773587,0.08657547169811321
2022-02-25,269.74334716796875,273.1666564941406,260.79998779296875,269.9566650390625,269.9566650390625,76067700,TSLA,0.15709180327868855,0.05534426229508197,0.8489180327868853,0.09573770491803281
2022-02-28,271.6700134277344,292.28668212890625,271.57000732421875,290.1433410644531,290.1433410644531,99006900,TSLA,0.16463398058252424,0.04524271844660194,0.847980582524272,0.10679611650485435
2022-03-01,289.8933410644531,296.6266784667969,284.59332275390625,288.1233215332031,288.1233215332031,74766900,TSLA,0.23965921052631578,0.04626315789473684,0.8482631578947367,0.1054868421052632
2022-03-02,290.7099914550781,295.49334716796875,281.42333984375,293.2966613769531,293.2966613769531,74643300,TSLA,0.19726321839080463,0.043149425287356324,0.8560344827586206,0.10082758620689658
2022-03-03,292.92333984375,295.4800109863281,277.5333251953125,279.7633361816406,279.7633361816406,61623600,TSLA,0.2190788888888889,0.04052222222222222,0.8530444444444447,0.10642222222222224
2022-03-04,283.0333251953125,285.2166748046875,275.0533447265625,279.42999267578125,279.42999267578125,66999600,TSLA,0.22861495327102804,0.039448598130841124,0.8406074766355139,0.1199626168224299
2022-03-07,285.4333190917969,288.7133178710937,268.19000244140625,268.1933288574219,268.1933288574219,72494100,TSLA,0.18717380952380952,0.05085714285714287,0.8544999999999997,0.09461904761904763
2022-03-08,265.1766662597656,283.3299865722656,260.72332763671875,274.79998779296875,274.79998779296875,80399100,TSLA,0.17293168316831686,0.06047524752475247,0.8296930693069303,0.10988118811881185
2022-03-09,279.82666015625,286.85333251953125,277.336669921875,286.3233337402344,286.3233337402344,59184000,TSLA,0.1967348837209303,0.04956976744186047,0.8415,0.10898837209302333
2022-03-10,283.8166809082031,284.8166809082031,270.1199951171875,279.4333190917969,279.4333190917969,58648500,TSLA,0.1482666666666667,0.05568627450980393,0.8533235294117645,0.09103921568627453
2022-03-11,280.0666809082031,281.26666259765625,264.5899963378906,265.1166687011719,265.1166687011719,67037100,TSLA,0.05380319148936173,0.07026595744680848,0.8411702127659573,0.08852127659574466
2022-03-14,260.2033386230469,266.8999938964844,252.01333618164065,255.4566650390625,255.4566650390625,71152200,TSLA,-0.0121223404255319,0.08211702127659576,0.8401063829787234,0.07775531914893614
2022-03-15,258.42333984375,268.5233459472656,252.19000244140625,267.2966613769531,267.2966613769531,66841200,TSLA,0.1512646464646465,0.049585858585858594,0.8565050505050507,0.09390909090909087
2022-03-16,269.6666564941406,280.6666564941406,267.4200134277344,280.07666015625,280.07666015625,84028800,TSLA,0.12864024390243906,0.0539390243902439,0.8518902439024391,0.09410975609756098
2022-03-17,276.9966735839844,291.6666564941406,275.239990234375,290.5333251953125,290.5333251953125,66582900,TSLA,0.2583567901234567,0.042567901234567905,0.8356543209876544,0.12181481481481476
2022-03-18,291.4966735839844,302.6166687011719,289.1300048828125,301.7966613769531,301.7966613769531,100414200,TSLA,0.23095,0.04125609756097561,0.8482195121951218,0.11052439024390243
2022-03-21,304.99334716796875,314.2833251953125,302.36334228515625,307.0533447265625,307.0533447265625,81981600,TSLA,0.1549333333333333,0.04811111111111112,0.8545959595959598,0.09728282828282829
2022-03-22,310.0,332.6199951171875,307.25,331.32666015625,331.32666015625,105868500,TSLA,0.2430981651376145,0.040917431192660544,0.8367477064220183,0.1223394495412844
2022-03-23,326.64666748046875,346.8999938964844,325.4666748046875,333.03668212890625,333.03668212890625,120676200,TSLA,0.2131341085271318,0.039093023255813965,0.8540310077519385,0.10690697674418603
2022-03-24,336.57666015625,341.4966735839844,329.6000061035156,337.97332763671875,337.97332763671875,68920800,TSLA,0.24246199999999998,0.02688,0.87639,0.09671999999999999
2022-03-25,336.0,340.6000061035156,332.44000244140625,336.8800048828125,336.8800048828125,62031600,TSLA,0.21347625000000003,0.038450000000000005,0.8681124999999998,0.09347499999999997
2022-03-28,355.0333251953125,365.9599914550781,351.20001220703125,363.9466552734375,363.9466552734375,102506100,TSLA,0.21659642857142858,0.03351530612244899,0.8642295918367351,0.10224489795918365
2022-03-29,369.3299865722656,371.5899963378906,357.7033386230469,366.5233459472656,366.5233459472656,73614900,TSLA,0.21633203883495145,0.030058252427184465,0.8783398058252428,0.09161165048543693
2022-03-30,363.7233276367188,371.3166809082031,361.3333435058594,364.663330078125,364.663330078125,59865000,TSLA,0.08468775510204078,0.061704081632653056,0.8590204081632655,0.07927551020408165
2022-03-31,364.8566589355469,367.71331787109375,358.8800048828125,359.20001220703125,359.20001220703125,48992700,TSLA,0.2323358695652174,0.0460108695652174,0.8345217391304349,0.11949999999999995
2022-04-01,360.3833312988281,364.9166564941406,355.5466613769531,361.5299987792969,361.5299987792969,54263100,TSLA,0.10901150442477876,0.06739823008849558,0.8383274336283184,0.09424778761061947
2022-04-04,363.1266784667969,383.3033447265625,357.510009765625,381.8166809082031,381.8166809082031,82035900,TSLA,0.21476948051948047,0.04950649350649349,0.8429545454545456,0.10752597402597404
2022-04-05,378.76666259765625,384.2900085449219,362.4333190917969,363.7533264160156,363.7533264160156,80075100,TSLA,0.16069464285714283,0.047714285714285716,0.8663392857142856,0.08597321428571429
2022-04-06,357.8233337402344,359.6666564941406,342.5666809082031,348.586669921875,348.586669921875,89348400,TSLA,0.16344479166666662,0.05963541666666667,0.8353437500000003,0.10505208333333334
2022-04-07,350.7966613769531,358.86334228515625,340.5133361816406,352.4200134277344,352.4200134277344,79447200,TSLA,0.2298486111111111,0.04121527777777777,0.8423124999999998,0.11647916666666663
2022-04-08,347.7366638183594,349.4800109863281,340.8133239746094,341.8299865722656,341.8299865722656,55013700,TSLA,0.23967427385892104,0.03913278008298754,0.840070539419087,0.12077593360995847
2022-04-11,326.79998779296875,336.1566772460937,324.8800048828125,325.3099975585937,325.3099975585937,59357100,TSLA,0.16847094017094016,0.04827350427350427,0.8427606837606837,0.10895726495726492
2022-04-12,332.5466613769531,340.39666748046875,325.5333251953125,328.9833374023437,328.9833374023437,65976000,TSLA,0.14719680851063827,0.036,0.8797872340425531,0.08424468085106383
2022-04-13,327.02667236328125,342.0799865722656,324.3666687011719,340.7900085449219,340.7900085449219,55121100,TSLA,0.09827977528089887,0.04185393258426967,0.8799438202247193,0.07819101123595507
2022-04-14,333.0966796875,337.57000732421875,327.39666748046875,328.3333435058594,328.3333435058594,58422300,TSLA,0.15072513966480447,0.06101117318435754,0.8294916201117317,0.109463687150838
2022-04-18,329.6766662597656,338.3066711425781,324.4700012207031,334.7633361816406,334.7633361816406,51715200,TSLA,0.07999719626168224,0.034411214953271034,0.9073271028037383,0.05827102803738318
2022-04-19,335.0199890136719,344.9800109863281,331.77667236328125,342.7166748046875,342.7166748046875,49847700,TSLA,0.10175567010309279,0.052340206185567,0.8678144329896907,0.0798041237113402
2022-04-20,343.3333435058594,344.6666564941406,325.0833435058594,325.7333374023437,325.7333374023437,70711200,TSLA,0.16582599999999986,0.04120000000000001,0.858842857142857,0.09995142857142858
2022-04-21,358.24334716796875,364.0733337402344,332.1400146484375,336.260009765625,336.260009765625,105416400,TSLA,0.16186990291262124,0.051533980582524265,0.8540097087378637,0.09447087378640781
2022-04-22,338.3033447265625,344.95001220703125,331.3333435058594,335.01666259765625,335.01666259765625,69696600,TSLA,0.09319298245614034,0.05051754385964913,0.8654736842105266,0.08404385964912281
2022-04-25,326.3233337402344,336.2066650390625,325.1000061035156,332.67333984375,332.67333984375,68341200,TSLA,0.2251743589743589,0.04242307692307691,0.835358974358974,0.12222435897435897
2022-04-26,331.8099975585937,333.3333435058594,291.6666564941406,292.1400146484375,292.1400146484375,136133700,TSLA,0.12574147465437785,0.06536866359447005,0.835082949308756,0.09953456221198152
2022-04-27,299.52667236328125,306.0,292.4533386230469,293.836669921875,293.836669921875,76956300,TSLA,0.1518065040650406,0.05124390243902438,0.8525203252032525,0.09627642276422768
2022-04-28,299.99334716796875,300.0,273.8999938964844,292.5033264160156,292.5033264160156,124948500,TSLA,0.14154565217391302,0.058528985507246375,0.8338768115942029,0.10756521739130434
2022-04-29,300.75,311.4666748046875,290.0,290.2533264160156,290.2533264160156,88133100,TSLA,0.21166697247706429,0.04204128440366973,0.8477018348623856,0.1102660550458716
2022-05-02,286.92333984375,302.1199951171875,282.6766662597656,300.9800109863281,300.9800109863281,75781500,TSLA,0.2396106796116504,0.03720388349514563,0.8486019417475729,0.11417475728155338
2022-05-03,301.0599975585937,308.02667236328125,296.1966552734375,303.0833435058594,303.0833435058594,63709500,TSLA,0.2179915492957746,0.034056338028169014,0.8665633802816899,0.09938028169014086
2022-05-04,301.3133239746094,318.5,295.09332275390625,317.5400085449219,317.5400085449219,81643800,TSLA,0.1795074468085106,0.039957446808510634,0.8705000000000002,0.08959574468085109
2022-05-05,313.00665283203125,315.20001220703125,285.8999938964844,291.09332275390625,291.09332275390625,92519100,TSLA,0.16928282828282828,0.04532323232323232,0.8668787878787878,0.08775757575757573
2022-05-06,295.6666564941406,296.0,281.03668212890625,288.54998779296875,288.54998779296875,72903000,TSLA,0.18570645161290325,0.0444516129032258,0.8528709677419355,0.10266935483870968
2022-05-09,278.8166809082031,281.8766784667969,260.3833312988281,262.3699951171875,262.3699951171875,90810300,TSLA,0.12340319999999996,0.060248,0.84444,0.09532799999999995
2022-05-10,273.10333251953125,275.1199951171875,258.0833435058594,266.67999267578125,266.67999267578125,84401700,TSLA,0.10053493150684938,0.06082191780821916,0.8484999999999998,0.09065753424657536
2022-05-11,265.0,269.92333984375,242.3999938964844,244.6666717529297,244.6666717529297,97224600,TSLA,0.08347299270072993,0.0703138686131387,0.8293357664233576,0.10031386861313868
2022-05-12,233.6666717529297,253.22000122070312,226.6666717529297,242.6666717529297,242.6666717529297,140313000,TSLA,0.1219343065693431,0.058810218978102194,0.8524817518248172,0.08870802919708032
2022-05-13,257.82666015625,262.45001220703125,250.52333068847656,256.5299987792969,256.5299987792969,92150700,TSLA,0.19227747747747753,0.05115315315315318,0.8412072072072075,0.1076666666666667
2022-05-16,255.72000122070312,256.586669921875,239.69667053222656,241.4566650390625,241.4566650390625,86098500,TSLA,0.031999999999999994,0.06321428571428572,0.8628928571428569,0.07391964285714285
2022-05-17,249.1199951171875,254.82666015625,242.9499969482422,253.8699951171875,253.8699951171875,80236200,TSLA,0.06529411764705881,0.0547764705882353,0.868835294117647,0.07641176470588236
2022-05-18,248.17333984375,253.5,233.60333251953125,236.60333251953125,236.60333251953125,87811800,TSLA,0.054039694656488536,0.0595648854961832,0.8645496183206103,0.07588549618320611
2022-05-19,235.6666717529297,244.6666717529297,231.3699951171875,236.47332763671875,236.47332763671875,90296700,TSLA,0.1015084507042254,0.0628169014084507,0.8489718309859148,0.08823943661971831
2022-05-20,237.9966735839844,240.52667236328125,211.0,221.3000030517578,221.3000030517578,144973200,TSLA,0.1497818181818182,0.06107851239669419,0.8340743801652891,0.10485123966942145
2022-05-23,218.33999633789065,226.65333557128903,212.6866607666016,224.96665954589844,224.96665954589844,88903500,TSLA,0.09426231884057971,0.06422463768115942,0.8421739130434783,0.09362318840579711
2022-05-24,217.8433380126953,217.97332763671875,206.85667419433597,209.3866729736328,209.3866729736328,89092500,TSLA,0.11671971830985911,0.05511267605633801,0.8437464788732395,0.10110563380281694
2022-05-25,207.9499969482422,223.10667419433597,207.6699981689453,219.6000061035156,219.6000061035156,92139300,TSLA,0.08415234375,0.056718749999999984,0.8566718750000001,0.08660156249999999
2022-05-26,220.47332763671875,239.55667114257807,217.8866729736328,235.91000366210935,235.91000366210935,106003200,TSLA,0.23178488372093017,0.026534883720930238,0.8738488372093023,0.09956976744186045
2022-05-27,241.0833282470703,253.26666259765625,240.1766662597656,253.2100067138672,253.2100067138672,89295000,TSLA,0.2055397959183673,0.04737755102040816,0.8493775510204082,0.103265306122449
2022-05-31,257.9466552734375,259.6000061035156,244.7433319091797,252.7533264160156,252.7533264160156,101914500,TSLA,0.20057101449275355,0.044608695652173916,0.8480579710144927,0.10727536231884056
2022-06-01,251.72000122070312,257.32666015625,243.63999938964844,246.7899932861328,246.7899932861328,77247900,TSLA,0.17702499999999996,0.04004347826086956,0.8568804347826086,0.10310869565217394
2022-06-02,244.1566619873047,264.2099914550781,242.0666656494141,258.3333435058594,258.3333435058594,93473100,TSLA,0.18744079999999996,0.046744000000000015,0.855152,0.09807200000000002
2022-06-03,243.22666931152344,247.79666137695312,233.4166717529297,234.51666259765625,234.51666259765625,112393800,TSLA,0.06297623762376238,0.07318316831683169,0.8300990099009904,0.09671287128712872
2022-06-06,244.35333251953125,244.86666870117188,234.3500061035156,238.27999877929688,238.27999877929688,84204600,TSLA,0.09765874999999999,0.059125,0.8443875000000001,0.09645
2022-06-07,234.0,239.9966735839844,230.0933380126953,238.8866729736328,238.8866729736328,72808500,TSLA,0.12058607594936707,0.062455696202531635,0.8314177215189875,0.10615189873417716
2022-06-08,240.086669921875,249.9633331298828,239.1766662597656,241.86666870117188,241.86666870117188,76210500,TSLA,0.18167764705882353,0.04796470588235295,0.8478941176470591,0.10415294117647059
2022-06-09,249.33999633789065,255.54666137695312,239.32666015625,239.7066650390625,239.7066650390625,96491400,TSLA,0.24276393442622948,0.035786885245901644,0.8377131147540982,0.1264918032786886
2022-06-10,235.1566619873047,239.5,227.913330078125,232.22999572753903,232.22999572753903,97536600,TSLA,0.20602101449275348,0.04109420289855072,0.8519927536231884,0.10686231884057973
2022-06-13,223.1666717529297,226.63333129882807,214.68333435058597,215.73666381835935,215.73666381835935,102767400,TSLA,0.12335277777777787,0.05404629629629629,0.8531666666666669,0.09275925925925928
2022-06-14,218.2866668701172,226.3300018310547,211.73666381835935,220.88999938964844,220.88999938964844,97988700,TSLA,0.19321917808219174,0.03960273972602738,0.8804383561643835,0.07997260273972602
2022-06-15,220.9166717529297,235.663330078125,218.1499938964844,233.0,233.0,119131800,TSLA,0.23160113636363636,0.03650000000000001,0.8494999999999998,0.114
2022-06-16,222.73666381835935,225.1666717529297,208.69332885742188,213.1000061035156,213.1000061035156,107390700,TSLA,0.11485357142857142,0.05639285714285715,0.8598214285714285,0.08378571428571428
2022-06-17,213.43333435058597,220.97000122070312,213.19667053222656,216.75999450683597,216.75999450683597,92641800,TSLA,-0.03837543859649121,0.07180701754385964,0.8526491228070177,0.07556140350877193
2022-06-21,224.60333251953125,243.57666015625,224.3333282470703,237.0366668701172,237.0366668701172,122793000,TSLA,0.1569431818181819,0.038329545454545456,0.8765454545454543,0.08511363636363639
2022-06-22,234.5033264160156,246.8333282470703,233.82666015625,236.086669921875,236.086669921875,101107500,TSLA,0.14548367346938776,0.04391836734693877,0.8580918367346944,0.09797959183673473
2022-06-23,237.9066619873047,239.3166656494141,228.6366729736328,235.07000732421875,235.07000732421875,104202600,TSLA,0.02644358974358976,0.05696153846153846,0.878192307692308,0.06487179487179488
2022-06-24,237.47000122070312,246.0666656494141,236.086669921875,245.7066650390625,245.7066650390625,95770800,TSLA,0.14408703703703696,0.062203703703703705,0.8262962962962964,0.1114259259259259
2022-06-27,249.36666870117188,252.07000732421875,242.5666656494141,244.9199981689453,244.9199981689453,89178300,TSLA,0.24323913043478268,0.04680434782608696,0.8236521739130436,0.12958695652173916
2022-06-28,244.48333740234372,249.97000122070312,232.3433380126953,232.663330078125,232.663330078125,90391200,TSLA,0.20343676470588237,0.0425,0.8510588235294118,0.10641176470588237
2022-06-29,230.5,231.17333984375,222.27333068847656,228.4900054931641,228.4900054931641,82897200,TSLA,0.15226749999999997,0.032749999999999994,0.8873749999999999,0.07987500000000002
2022-06-30,224.50999450683597,229.4566650390625,218.8633270263672,224.47332763671875,224.47332763671875,94600500,TSLA,0.06885714285714287,0.07915584415584415,0.8397662337662337,0.08109090909090909
2022-07-01,227.0,230.22999572753903,222.1199951171875,227.26333618164065,227.26333618164065,74460300,TSLA,0.15052236842105268,0.05559210526315788,0.8381052631578946,0.1062763157894737
2022-07-05,223.0,233.14666748046875,216.1666717529297,233.0666656494141,233.0666656494141,84581100,TSLA,0.09048720930232558,0.054418604651162786,0.8588604651162792,0.0867093023255814
2022-07-06,230.77999877929688,234.56333923339844,227.1866607666016,231.73333740234372,231.73333740234372,71853600,TSLA,0.20636666666666664,0.03417948717948719,0.8652435897435896,0.1006025641025641
2022-07-07,233.9199981689453,245.3633270263672,232.2100067138672,244.5433349609375,244.5433349609375,81930600,TSLA,0.07253043478260869,0.05182608695652173,0.8685942028985508,0.07953623188405798
2022-07-08,242.3333282470703,254.97999572753903,241.16000366210935,250.76333618164065,250.76333618164065,101854200,TSLA,0.23282894736842108,0.04669298245614035,0.8241140350877192,0.12923684210526315
2022-07-11,252.10333251953125,253.06333923339844,233.6266632080078,234.3433380126953,234.3433380126953,99241200,TSLA,0.11439111111111114,0.05988888888888891,0.8381999999999998,0.10191111111111109
2022-07-12,236.8466644287109,239.77333068847656,228.3699951171875,233.07000732421875,233.07000732421875,87930900,TSLA,0.09464805194805193,0.05092207792207793,0.8615324675324676,0.08755844155844156
2022-07-13,225.5,242.05999755859372,225.0333404541016,237.0399932861328,237.0399932861328,97954500,TSLA,0.11427657657657657,0.04320720720720723,0.8634864864864861,0.09330630630630632
2022-07-14,234.89666748046875,238.65333557128903,229.3333282470703,238.31333923339844,238.31333923339844,78557400,TSLA,0.21504000000000004,0.042512499999999995,0.8707625000000003,0.08677500000000003
2022-07-15,240.0,243.6233367919922,236.88999938964844,240.0666656494141,240.0666656494141,69683100,TSLA,0.14112753623188412,0.05475362318840579,0.8520144927536232,0.09320289855072464
2022-07-18,244.9366607666016,250.51666259765625,239.60333251953125,240.54666137695312,240.54666137695312,82537500,TSLA,0.21359516129032255,0.03453225806451614,0.8567096774193549,0.1087258064516129
2022-07-19,245.0,247.13999938964844,236.97666931152344,245.52999877929688,245.52999877929688,80890200,TSLA,0.09265714285714287,0.062351648351648366,0.844131868131868,0.09351648351648352
2022-07-20,246.7833404541016,250.663330078125,243.48333740234372,247.5,247.5,88864200,TSLA,0.10418847583643119,0.05266542750929369,0.8554423791821559,0.09192565055762085
2022-07-21,255.10667419433597,273.26666259765625,254.86666870117188,271.7066650390625,271.7066650390625,142032300,TSLA,0.14175376884422106,0.055819095477386935,0.8363115577889446,0.10788944723618098
2022-07-22,276.2200012207031,280.78668212890625,270.7133178710937,272.24334716796875,272.24334716796875,103472700,TSLA,0.20678292682926835,0.05199999999999999,0.8353902439024391,0.1126341463414634
2022-07-25,272.2166748046875,274.14666748046875,267.3999938964844,268.4333190917969,268.4333190917969,64073400,TSLA,0.23767738095238095,0.039773809523809524,0.8597619047619046,0.1004404761904762
2022-07-26,266.5133361816406,267.3099975585937,256.2633361816406,258.8599853515625,258.8599853515625,66820800,TSLA,0.07806315789473685,0.07557894736842104,0.8251842105263161,0.09926315789473683
2022-07-27,263.8099975585937,275.9266662597656,261.7900085449219,274.82000732421875,274.82000732421875,88110000,TSLA,0.1311126984126984,0.038238095238095245,0.8897619047619048,0.07192063492063491
2022-07-28,280.0666809082031,283.29998779296875,272.79998779296875,280.8999938964844,280.8999938964844,84723000,TSLA,0.2904934065934066,0.035912087912087914,0.849846153846154,0.11419780219780219
2022-07-29,280.70001220703125,298.32000732421875,279.1000061035156,297.1499938964844,297.1499938964844,95313000,TSLA,0.20310849056603766,0.03930188679245283,0.8598867924528302,0.10083962264150943
2022-08-01,301.27667236328125,311.8766784667969,295.0,297.27667236328125,297.27667236328125,117042900,TSLA,0.16610322580645165,0.042860215053763445,0.8650215053763443,0.09212903225806451
2022-08-02,294.0033264160156,307.8333435058594,292.6666564941406,300.586669921875,300.586669921875,95577600,TSLA,0.24661034482758631,0.03501149425287357,0.8396551724137937,0.12534482758620696
2022-08-03,305.0,309.54998779296875,301.1499938964844,307.39666748046875,307.39666748046875,80091000,TSLA,0.20519450549450557,0.03327472527472527,0.8656593406593409,0.10106593406593407
2022-08-04,311.0,313.6066589355469,305.0,308.6333312988281,308.6333312988281,72256200,TSLA,0.14826706586826346,0.041101796407185635,0.8513592814371259,0.10753293413173654
2022-08-05,302.6700134277344,304.6066589355469,285.5433349609375,288.1700134277344,288.1700134277344,113172900,TSLA,0.2167482993197279,0.0416734693877551,0.846816326530612,0.11151700680272114
2022-08-08,295.0,305.20001220703125,289.086669921875,290.42333984375,290.42333984375,98994000,TSLA,0.14665959595959602,0.050505050505050504,0.8528181818181818,0.09673737373737377
2022-08-09,290.2933349609375,292.39666748046875,279.35333251953125,283.3333435058594,283.3333435058594,86244600,TSLA,0.09004150943396227,0.05582075471698114,0.8619716981132074,0.08221698113207547
2022-08-10,297.0666809082031,297.510009765625,283.3699951171875,294.3566589355469,294.3566589355469,94918800,TSLA,0.16949665071770334,0.05265071770334929,0.8299665071770341,0.11738755980861248
2022-08-11,296.5133361816406,298.2366638183594,285.8333435058594,286.6300048828125,286.6300048828125,70155000,TSLA,0.16922315789473688,0.07174736842105264,0.8057157894736842,0.12254736842105263
2022-08-12,289.4166564941406,300.1600036621094,285.0333251953125,300.0299987792969,300.0299987792969,79657200,TSLA,0.16723636363636368,0.045484848484848475,0.8607373737373736,0.09381818181818181
2022-08-15,301.78668212890625,313.1333312988281,301.2300109863281,309.32000732421875,309.32000732421875,89359200,TSLA,0.13384444444444446,0.05390476190476188,0.8508809523809527,0.09523015873015878
2022-08-16,311.6666564941406,314.6666564941406,302.8833312988281,306.5633239746094,306.5633239746094,88136400,TSLA,0.18439278350515462,0.02969072164948454,0.8817422680412372,0.08857731958762885
2022-08-17,303.39666748046875,309.6566772460937,300.0333251953125,303.9966735839844,303.9966735839844,68766000,TSLA,0.05041391304347825,0.07743478260869564,0.8334260869565218,0.08917391304347827
2022-08-18,306.0,306.5,301.85333251953125,302.8699951171875,302.8699951171875,47500500,TSLA,0.15928695652173913,0.04649999999999999,0.855,0.0985108695652174
2022-08-19,299.0,300.3599853515625,292.5,296.6666564941406,296.6666564941406,61395300,TSLA,0.3335088235294117,0.03394117647058824,0.8400294117647058,0.12604411764705883
2022-08-22,291.913330078125,292.3999938964844,286.2966613769531,289.913330078125,289.913330078125,55843200,TSLA,0.211663,0.04887,0.8382899999999998,0.11284000000000001
2022-08-23,291.4533386230469,298.82666015625,287.92333984375,296.4533386230469,296.4533386230469,63984900,TSLA,0.11228399999999997,0.057640000000000004,0.8344299999999998,0.10795
2022-08-24,297.5633239746094,303.64666748046875,296.5,297.0966796875,297.0966796875,57259800,TSLA,0.1314026785714286,0.050062499999999996,0.847875,0.10203571428571431
2022-08-25,302.3599853515625,302.9599914550781,291.6000061035156,296.07000732421875,296.07000732421875,53230000,TSLA,0.1623760563380282,0.056669014084507044,0.8305352112676052,0.11278873239436615
2022-08-26,297.42999267578125,302.0,287.4700012207031,288.0899963378906,288.0899963378906,57163900,TSLA,0.16372077922077924,0.06257142857142858,0.8324415584415584,0.10494805194805192
2022-08-29,282.8299865722656,287.739990234375,280.70001220703125,284.82000732421875,284.82000732421875,41864700,TSLA,0.21637931034482763,0.04474712643678161,0.8628045977011494,0.09244827586206895
2022-08-30,287.8699951171875,288.4800109863281,272.6499938964844,277.70001220703125,277.70001220703125,50541800,TSLA,0.20184588235294113,0.03914117647058823,0.8597294117647062,0.10111764705882352
2022-08-31,280.6199951171875,281.25,271.8099975585937,275.6099853515625,275.6099853515625,52107300,TSLA,0.22220781250000002,0.049703125,0.8333437499999998,0.11693749999999997
2022-09-01,272.5799865722656,277.5799865722656,266.1499938964844,277.1600036621094,277.1600036621094,54287000,TSLA,0.18091794871794875,0.044076923076923076,0.8546025641025642,0.1013846153846154
2022-09-02,281.07000732421875,282.3500061035156,269.0799865722656,270.2099914550781,270.2099914550781,50890100,TSLA,0.24865625000000002,0.03981250000000001,0.8410624999999996,0.11911458333333336
2022-09-06,272.67999267578125,275.989990234375,265.739990234375,274.4200134277344,274.4200134277344,55860000,TSLA,0.12965731707317074,0.05276829268292683,0.8476585365853655,0.09958536585365851
2022-09-07,273.1000061035156,283.8399963378906,272.2699890136719,283.70001220703125,283.70001220703125,50028900,TSLA,0.17140786516853934,0.05876404494382023,0.8295955056179772,0.11166292134831457
2022-09-08,281.29998779296875,289.5,279.760009765625,289.260009765625,289.260009765625,53713100,TSLA,0.1139659340659341,0.04847252747252747,0.8513956043956038,0.10013186813186811
2022-09-09,291.6700134277344,299.8500061035156,291.25,299.67999267578125,299.67999267578125,54338100,TSLA,0.199289898989899,0.03492929292929293,0.8704646464646467,0.09458585858585858
2022-09-12,300.7200012207031,305.489990234375,300.3999938964844,304.4200134277344,304.4200134277344,48674600,TSLA,0.1450171428571429,0.03398571428571428,0.8916857142857142,0.0743
2022-09-13,292.8999938964844,297.3999938964844,290.3999938964844,292.1300048828125,292.1300048828125,68229600,TSLA,0.14743013698630136,0.050041095890410975,0.8543150684931508,0.09565753424657535
2022-09-14,292.239990234375,306.0,291.6400146484375,302.6099853515625,302.6099853515625,72628700,TSLA,0.14811203703703707,0.050749999999999997,0.8577407407407407,0.09147222222222222
2022-09-15,301.8299865722656,309.1199951171875,300.7200012207031,303.75,303.75,64795500,TSLA,0.1606031914893617,0.044968085106382984,0.8462872340425532,0.10874468085106383
2022-09-16,299.6099853515625,303.7099914550781,295.6000061035156,303.3500061035156,303.3500061035156,87087800,TSLA,0.23695757575757576,0.04025252525252525,0.8561313131313132,0.10359595959595963
2022-09-19,300.0899963378906,309.8399963378906,297.79998779296875,309.07000732421875,309.07000732421875,60231200,TSLA,0.19082988505747125,0.047712643678160915,0.8550114942528735,0.09727586206896553
2022-09-20,306.9100036621094,313.3299865722656,305.5799865722656,308.7300109863281,308.7300109863281,61642800,TSLA,0.045230864197530855,0.07213580246913583,0.8386419753086419,0.0892592592592593
2022-09-21,308.2900085449219,313.79998779296875,300.6300048828125,300.79998779296875,300.79998779296875,62555700,TSLA,0.14198703703703708,0.036592592592592586,0.88337037037037,0.08005555555555555
2022-09-22,299.8599853515625,301.2900085449219,285.82000732421875,288.5899963378906,288.5899963378906,70545400,TSLA,0.046278313253012036,0.07773493975903613,0.831686746987952,0.09057831325301204
2022-09-23,283.0899963378906,284.5,272.82000732421875,275.3299865722656,275.3299865722656,63748400,TSLA,0.1513790697674418,0.055162790697674415,0.847593023255814,0.09719767441860461
2022-09-26,271.8299865722656,284.0899963378906,270.3099975585937,276.010009765625,276.010009765625,58076900,TSLA,0.12253611111111112,0.059750000000000004,0.824875,0.115375
2022-09-27,283.8399963378906,288.6700134277344,277.510009765625,282.94000244140625,282.94000244140625,61925200,TSLA,0.22546000000000013,0.03744705882352942,0.8530000000000001,0.10956470588235297
2022-09-28,283.0799865722656,289.0,277.57000732421875,287.8099975585937,287.8099975585937,54664800,TSLA,0.13765733333333335,0.0642,0.8412666666666668,0.09451999999999998
2022-09-29,282.760009765625,283.6499938964844,265.7799987792969,268.2099914550781,268.2099914550781,77620600,TSLA,0.05770892857142858,0.07430357142857144,0.8385089285714287,0.08719642857142858
